iter	Logloss
0	0.6495754115
1	0.6253417276
