iter	Logloss
0	0.693112304
1	0.6931121015
2	0.6931016224
